UserID,FirstName,LastName,Email,DOB,Hometown,Gender,Password
0,Cecile,Vansant,myemail0@email.com,2009-12-25,TownNumber25,F,IMRS42XN5B
1,Edna,Lee,myemail1@email.com,2017-7-21,TownNumber39,M,1X1TU7JTPX
2,Ka,Thompson,myemail2@email.com,1991-10-29,TownNumber31,M,S4ZEJUAMNO
3,Stephen,Rose,myemail3@email.com,2023-4-14,TownNumber76,F,M6GZELZV1X
4,Jodi,Allen,myemail4@email.com,1991-2-1,TownNumber59,F,6MRV9OBFCS
5,Ryan,Dennie,myemail5@email.com,1989-1-22,TownNumber14,F,Z9ALW1B5CG
6,Lana,Gardner,myemail6@email.com,1994-12-29,TownNumber79,F,3HVDVHDJGA
7,Rigoberto,Felch,myemail7@email.com,2005-10-3,TownNumber15,M,7OOI42TLHA
8,Bronwyn,Shaw,myemail8@email.com,2010-9-18,TownNumber17,F,4ZFA8GP30H
9,Devin,Gurrola,myemail9@email.com,2007-6-10,TownNumber46,M,KZIE5QEP01
10,Jessica,Rose,myemail10@email.com,1998-1-2,TownNumber24,M,MAXEAE6SEH
11,Carol,Jaramillo,myemail11@email.com,1980-2-7,TownNumber65,M,USVJFCNA8S
12,Nikole,Coleman,myemail12@email.com,1986-5-27,TownNumber86,M,A50Q34JP8A
13,Chrystal,Edward,myemail13@email.com,1981-4-27,TownNumber88,F,P11WHH5LOK
14,Mark,Gibbs,myemail14@email.com,2001-8-23,TownNumber27,M,PJUBBTMH7B
15,Alyssa,Scott,myemail15@email.com,1993-6-23,TownNumber47,F,IJ1MTIYKCJ
16,Mary,James,myemail16@email.com,2004-2-12,TownNumber99,M,TLSV650044
17,Larry,Deeter,myemail17@email.com,2006-5-28,TownNumber16,F,CXH0EXNL6M
18,Tania,Brown,myemail18@email.com,1980-10-1,TownNumber36,M,N8WRIZ43ZK
19,Jerry,Depalma,myemail19@email.com,1984-11-7,TownNumber56,F,7ILRQJRO8U
20,Rose,Rodriguez,myemail20@email.com,1981-5-2,TownNumber27,F,TYY55WA8JB
21,Katie,Polin,myemail21@email.com,1981-5-4,TownNumber93,M,IQAPDI0NV9
22,James,Hunking,myemail22@email.com,2021-8-9,TownNumber56,M,STD6BW7ZLO
23,Katherine,Ortega,myemail23@email.com,2007-10-26,TownNumber92,M,Z8ZGVE0RYX
24,Susanne,Johnson,myemail24@email.com,2015-11-2,TownNumber96,F,6F44TT6MXB
25,Dorothy,Sharpe,myemail25@email.com,2008-5-21,TownNumber52,F,UGENF2UYRD
26,Scott,Taylor,myemail26@email.com,2001-11-23,TownNumber13,F,7IAFH1GHLR
27,Doug,Adam,myemail27@email.com,1984-6-28,TownNumber78,F,Y7V32WU18J
28,Jimmy,Virtue,myemail28@email.com,1989-12-4,TownNumber19,M,CBL4DMLG63
29,Randall,Cundiff,myemail29@email.com,2004-7-19,TownNumber33,F,SN6S12016R
30,Betty,Ramos,myemail30@email.com,2000-6-19,TownNumber51,M,87WQJ1JZ4C
31,Lola,Torres,myemail31@email.com,2002-2-7,TownNumber35,M,SH75VQIW18
32,Pamela,Padilla,myemail32@email.com,2011-10-14,TownNumber98,M,AXMPUOO4UX
33,Robyn,Worsley,myemail33@email.com,2006-3-6,TownNumber95,F,A7G1O1SAP3
34,Dana,Rigsby,myemail34@email.com,1986-10-23,TownNumber59,F,PMKEMXTMLP
35,Patsy,Sailors,myemail35@email.com,2003-4-17,TownNumber91,F,NMR0I26974
36,Arturo,Mccoy,myemail36@email.com,1990-8-11,TownNumber69,F,QHA51SG1HD
37,Edward,Goehner,myemail37@email.com,2012-2-22,TownNumber25,M,P47UMMN8E8
38,Juan,Johnson,myemail38@email.com,1992-3-9,TownNumber25,M,F928BQ7RBL
39,William,Stanley,myemail39@email.com,1994-2-19,TownNumber94,F,K9D79ISJ87
40,Stephen,Dortch,myemail40@email.com,2012-5-20,TownNumber16,M,4WU8B2HT3N
41,Stacy,Printup,myemail41@email.com,2004-6-15,TownNumber20,M,XH5RD8QOGP
42,Donald,Payne,myemail42@email.com,1996-8-8,TownNumber89,F,0GU00FR50N
43,Larry,Jarvis,myemail43@email.com,2019-2-19,TownNumber22,M,H4MT5X9OTL
44,Marie,Sjolander,myemail44@email.com,2005-5-24,TownNumber68,F,UCYONUZ185
45,Doyle,Wright,myemail45@email.com,1982-12-11,TownNumber39,F,53MQ6L9BW8
46,Fred,Williams,myemail46@email.com,2022-5-13,TownNumber21,M,19PKWZWPT4
47,Brenda,Ferguson,myemail47@email.com,2010-2-27,TownNumber9,M,OEATLVALEM
48,John,Nielson,myemail48@email.com,1985-5-3,TownNumber22,F,XGOYZJFKQA
49,Nancy,Martens,myemail49@email.com,2015-2-3,TownNumber61,M,JRE9GOSFWF